weintraub,parker,phil,pumilia,chris,gotti
MARK SEARS,KON KNUEPPEL,NIQUE CLIFFORD,PJ HAGGERTY,COOPER FLAGG,JOHN POULAKIDAS
JOHNI BROOME,WALTER CLAYTON JR,COOPER FLAGG,JOHNI BROOME,JOHNI BROOME,JACOB OGNACEVIC
JT TOPPIN,JOHN TONJE,WALTER CLAYTON JR,WALTER CLAYTON JR,WALTER CLAYTON JR,KAM JONES
DARRION WILLIAMS,CHUCKY HEPBURN,JOHNI BROOME,COOPER FLAGG,LJ CRYER,GRAHAM IKE
CHAZ LANIER,RJ DAVIS,GRAHAM IKE,MARK SEARS,MARK SEARS,HUNTER DICKINSON
WALTER CLAYTON JR,DONOVAN DENT,MARK SEARS,KAM JONES,CHAZ LANIER,DONOVAN DENT
WILL RICHARD,RICHIE SAUNDERS,KON KNUEPPEL,RYAN KALKBRENNER,JT TOPPIN,NICK TOWNSEND
ALIJAH MARTIN,AUGUSTAS MARCIULIONIS,ALIJAH MARTIN,DONOVAN DENT,KASPARAS JAKUCIONIS,NIQUE CLIFFORD
GRAHAM IKE,HUNTER DICKINSON,MAX SHULGA,JOHN TONJE,KAM JONES,ANIWANIWA TAITJONES
KHALIF BATTLE,KAM JONES,KEZZA GIFFA,DERIK QUEEN,HUNTER DICKINSON,KEZZA GIFFA
NIQUE CLIFFORD,BENNETT STIRTZ,ANIWANIWA TAITJONES,NIQUE CLIFFORD,RJ DAVIS,COOPER FLAGG
ANIWANIWA TAITJONES,NATE JOHNSON,JACOB OGNACEVIC,VLADISLAV GOLDIN,NIQUE CLIFFORD,MARQUEL SUTTON
TYLER MCGHIE,EARL TIMBERLAKE,RJ DAVIS,JOHN POULAKIDAS,ANIWANIWA TAITJONES,RAFAEL PINZON
RJ DAVIS,JACOB OGNACEVIC,JOHN POULAKIDAS,CHASE HUNTER,JOHN POULAKIDAS,BENNETT STIRTZ
JACOB OGNACEVIC,JOHN POULAKIDAS,JT TOPPIN,HUNTER DICKINSON,JACOB OGNACEVIC,RYAN KALKBRENNER
