Alex Popof,Anders Elk,Brad Null,Dave Kaval,Erik Kingham,Gene Cook,Gerard Morrissey,Isaac Fehrenbach,JD Peterson,Jason Elk,Jay Larson,Jimmy Porter,John Kelly,Manhattan Perry,Marco Marienberg,Max Smith,Miguel Duarte,Phil Koblis,Richie Serna,Rob Erskine,Rob Meinhardt,Ryan Frick,Steve Juno,Tim Porter,Zack Gottesman 1,Zack Gottesman 2
NATE JOHNSON,MARK SEARS,MARK SEARS,MARK SEARS,MARK SEARS,MARK SEARS,MARK SEARS,MARK SEARS,COOPER FLAGG,MARK SEARS,MARK SEARS,BENNETT STIRTZ,JOHNI BROOME,NIQUE CLIFFORD,MARK SEARS,MARK SEARS,MARK SEARS,MARK SEARS,MARK SEARS,JOHNI BROOME,MARK SEARS,JOHNI BROOME,MARK SEARS,MARK SEARS,RAFAEL PINZON,RICHIE SAUNDERS
JOHNI BROOME,CALEB LOVE,JOHNI BROOME,JOHNI BROOME,CALEB LOVE,JOHNI BROOME,CHAD BAKERMAZARA,JOHNI BROOME,KON KNUEPPEL,JOHNI BROOME,JOHNI BROOME,COOPER FLAGG,RICHIE SAUNDERS,RYAN KALKBRENNER,JOHNI BROOME,NIQUE CLIFFORD,ADOU THIERO,CALEB LOVE,JOHNI BROOME,EGOR DEMIN,JOHNI BROOME,COOPER FLAGG,JOHNI BROOME,JOHNI BROOME,NIQUE CLIFFORD,NIQUE CLIFFORD
RICHIE SAUNDERS,JOHNI BROOME,RICHIE SAUNDERS,COOPER FLAGG,JOHNI BROOME,RYAN KALKBRENNER,JOHNI BROOME,BENNETT STIRTZ,ALIJAH MARTIN,RYAN KALKBRENNER,RICHIE SAUNDERS,WALTER CLAYTON JR,RAFAEL PINZON,BENNETT STIRTZ,COOPER FLAGG,COOPER FLAGG,JOHNI BROOME,NORCHAD OMIER,NIQUE CLIFFORD,ROBERT WRIGHT III,RYAN KALKBRENNER,KON KNUEPPEL,RICHIE SAUNDERS,BENNETT STIRTZ,RYAN KALKBRENNER,RYAN KALKBRENNER
RYAN KALKBRENNER,COOPER FLAGG,NIQUE CLIFFORD,WALTER CLAYTON JR,BENNETT STIRTZ,COOPER FLAGG,RICHIE SAUNDERS,COOPER FLAGG,WALTER CLAYTON JR,BENNETT STIRTZ,BENNETT STIRTZ,KEZZA GIFFA,COOPER FLAGG,COOPER FLAGG,KON KNUEPPEL,WALTER CLAYTON JR,NIQUE CLIFFORD,NIQUE CLIFFORD,BENNETT STIRTZ,RYAN KALKBRENNER,COOPER FLAGG,TYRESE PROCTOR,COOPER FLAGG,COOPER FLAGG,BENNETT STIRTZ,BENNETT STIRTZ
STEVEN ASHWORTH,WALTER CLAYTON JR,COOPER FLAGG,LJ CRYER,COOPER FLAGG,GRAHAM IKE,CHASE HUNTER,WALTER CLAYTON JR,KEZZA GIFFA,COOPER FLAGG,ALIJAH MARTIN,KASPARAS JAKUCIONIS,WALTER CLAYTON JR,RYAN NEMBHARD,TYRESE PROCTOR,KASPARAS JAKUCIONIS,COOPER FLAGG,COOPER FLAGG,COOPER FLAGG,KON KNUEPPEL,WALTER CLAYTON JR,WALTER CLAYTON JR,WALTER CLAYTON JR,KON KNUEPPEL,COOPER FLAGG,GRAHAM IKE
WALTER CLAYTON JR,CURTIS JONES,KON KNUEPPEL,KASPARAS JAKUCIONIS,WALTER CLAYTON JR,LJ CRYER,COOPER FLAGG,LJ CRYER,EMANUEL SHARP,JACOB OGNACEVIC,WALTER CLAYTON JR,HUNTER DICKINSON,LJ CRYER,JACOB OGNACEVIC,ALIJAH MARTIN,HUNTER DICKINSON,TERRENCE EDWARDS JR,KAM JONES,WALTER CLAYTON JR,ALEX CONDON,LJ CRYER,GRAHAM IKE,GRAHAM IKE,WALTER CLAYTON JR,GRAHAM IKE,KEZZA GIFFA
ASA NEWELL,JACOB OGNACEVIC,WALTER CLAYTON JR,WILL RILEY,GRAHAM IKE,HUNTER DICKINSON,WALTER CLAYTON JR,JADEN AKINS,LJ CRYER,KAM JONES,WILL RICHARD,JACOB OGNACEVIC,KASPARAS JAKUCIONIS,KAM JONES,WALTER CLAYTON JR,OTEGA OWEH,KAM JONES,PJ HAGGERTY,LJ CRYER,KHALIF BATTLE,HUNTER DICKINSON,KASPARAS JAKUCIONIS,HUNTER DICKINSON,LJ CRYER,KEZZA GIFFA,HUNTER DICKINSON
LJ CRYER,MARQUEL SUTTON,GRAHAM IKE,HUNTER DICKINSON,LJ CRYER,KAM JONES,GRAHAM IKE,JASE RICHARDSON,JACOB OGNACEVIC,PJ HAGGERTY,GRAHAM IKE,CHUCKY HEPBURN,HUNTER DICKINSON,PJ HAGGERTY,WILL RICHARD,JACOB OGNACEVIC,RJ DAVIS,JOSH HUBBARD,VLADISLAV GOLDIN,LJ CRYER,JACOB OGNACEVIC,WILL RILEY,ZEKE MAYO,KASPARAS JAKUCIONIS,HUNTER DICKINSON,JACOB OGNACEVIC
MILOS UZAN,TREY KAUFMANRENN,KASPARAS JAKUCIONIS,ZEKE MAYO,OTEGA OWEH,PJ HAGGERTY,HUNTER DICKINSON,KADARY RICHMOND,CHUCKY HEPBURN,DONOVAN DENT,HUNTER DICKINSON,TERRENCE EDWARDS JR,JACOB OGNACEVIC,DONOVAN DENT,EMANUEL SHARP,VLADISLAV GOLDIN,BRADEN SMITH,RJ DAVIS,RJ DAVIS,MILOS UZAN,KAM JONES,HUNTER DICKINSON,JACOB OGNACEVIC,JACOB OGNACEVIC,JACOB OGNACEVIC,KAM JONES
KASPARAS JAKUCIONIS,RAYSEAN TAYLOR,TRE WHITE,KAM JONES,KAM JONES,JADEN AKINS,PJ HAGGERTY,RJ LUIS JR,TERRENCE EDWARDS JR,MARQUEL SUTTON,ZEKE MAYO,JOSH HUBBARD,KAM JONES,MARQUEL SUTTON,LJ CRYER,RJ DAVIS,JT TOPPIN,BRADEN SMITH,RJ LUIS JR,CURTIS JONES,JOSH HUBBARD,ZEKE MAYO,KAM JONES,KAM JONES,KAM JONES,DONOVAN DENT
HUNTER DICKINSON,RJ LUIS JR,WILL RILEY,RJ DAVIS,DONOVAN DENT,TREY KAUFMANRENN,BRIAN MOORE JR,ZUBY EJIOFOR,KAM JONES,TREY KAUFMANRENN,JACOB OGNACEVIC,MARQUEL SUTTON,BRIAN MOORE JR,WADE TAYLOR IV,KASPARAS JAKUCIONIS,ALVARO FOLGUEIRAS,TAYTON CONERWAY,TREY KAUFMANRENN,CHAZ LANIER,PJ HAGGERTY,MARQUEL SUTTON,KAM JONES,RJ DAVIS,PJ HAGGERTY,DONOVAN DENT,RJ DAVIS
JASE RICHARDSON,CHAZ LANIER,HUNTER DICKINSON,AUGUSTAS MARCIULIONIS,JEREMIAH FEARS,TRE JOHNSON,RJ DAVIS,CHAZ LANIER,AUGUSTAS MARCIULIONIS,RAYSEAN TAYLOR,KAM JONES,CHAZ LANIER,MARQUEL SUTTON,HAYDEN GRAY,TOMISLAV IVISIC,CHAZ LANIER,ANIWANIWA TAITJONES,RJ LUIS JR,JT TOPPIN,JASE RICHARDSON,RAYSEAN TAYLOR,RJ DAVIS,CHAZ LANIER,DONOVAN DENT,MARQUEL SUTTON,ANIWANIWA TAITJONES
DONOVAN DENT,JT TOPPIN,KAM JONES,CHAZ LANIER,TREY KAUFMANRENN,ANIWANIWA TAITJONES,RJ LUIS JR,ZAKAI ZEIGLER,RJ LUIS JR,TRE JOHNSON,CHAZ LANIER,ANIWANIWA TAITJONES,RAYSEAN TAYLOR,JOHN TONJE,WILL RILEY,JT TOPPIN,SOLO BALL,JT TOPPIN,MAX SHULGA,JACKSON SHELSTAD,RJ LUIS JR,CHAZ LANIER,RYAN CONWELL,RJ LUIS JR,ANIWANIWA TAITJONES,ZACH FREEMANTLE
CHAZ LANIER,ANIWANIWA TAITJONES,JT TOPPIN,JT TOPPIN,RJ LUIS JR,JASON EDWARDS,ANIWANIWA TAITJONES,WADE TAYLOR IV,ZUBY EJIOFOR,ANIWANIWA TAITJONES,JOHN POULAKIDAS,JOHN TONJE,JOHN POULAKIDAS,BEZ MBENG,DARRION WILLIAMS,TAYTON CONERWAY,MAX SHULGA,JOHN TONJE,JOHN TONJE,CHANCE MCMILLIAN,JOHN TONJE,JOHN POULAKIDAS,ZACH FREEMANTLE,CHAZ LANIER,JOHN POULAKIDAS,JOHN POULAKIDAS
LIAM MCNEELEY,JOHN TONJE,JOHN POULAKIDAS,JOHN POULAKIDAS,JOHN TONJE,NICK TOWNSEND,LIAM MCNEELEY,BEZ MBENG,JOHN POULAKIDAS,JOHN POULAKIDAS,NICK TOWNSEND,JOHN POULAKIDAS,NICK TOWNSEND,JOHN POULAKIDAS,JT TOPPIN,ANIWANIWA TAITJONES,JOHN POULAKIDAS,ZACH FREEMANTLE,JOHN POULAKIDAS,JT TOPPIN,JOHN POULAKIDAS,NICK TOWNSEND,JOHN POULAKIDAS,JOHN TONJE,NICK TOWNSEND,NICK TOWNSEND
